Year,Month,T (CanESM2),T (CSIRO-Mk3-6-0),T (GFDL-CM3),T (MIROC-ESM),T (MPI-ESM-LR)
2023,1,6.9,4.65,4.37,4.64,6.86
2023,2,10.52,6.28,1.77,14.27,0.7
2023,3,12.6,14.59,9.01,13.37,13.76
2023,4,19.73,15.88,15.24,19.84,18.87
2023,5,19.11,19.26,19.68,21.11,21.49
2023,6,28.68,26.94,24.35,26.28,24.23
2023,7,27.4,29.6,25.53,28.03,26.19
2023,8,28.89,34.19,25.51,27.71,27.56
2023,9,26.45,23.37,23.72,21.9,23.22
2023,10,17.1,18.43,18.25,17.48,16.39
2023,11,14.08,11.73,12.53,13.73,10.78
2023,12,7.74,5.24,7.4,10.17,6.83
2024,1,5.05,8.59,4.96,8.52,4.3
2024,2,3.45,7.03,4.57,10.85,8.21
2024,3,10.08,10.77,6.86,18.78,10.14
2024,4,14.97,14.51,15.89,21.87,14.64
2024,5,19.63,19.85,18.97,23.01,19.99
2024,6,29.34,27.49,25.75,26.52,24.11
2024,7,26.57,29.13,26.01,28.35,28.95
2024,8,28.68,27.86,23.15,28.93,27.86
2024,9,21.87,26.3,22.77,23.95,21.19
2024,10,14.05,18.4,17.93,17.52,15.29
2024,11,12.12,12.46,10.87,11.36,11.82
2024,12,7.44,7.97,7.56,5.93,5.93
2025,1,6.08,6.27,4.74,6.96,6.75
2025,2,11.69,10.92,5.98,6.51,7.67
2025,3,9.63,9.56,13.21,12.67,9.2
2025,4,15.14,16.46,23.77,22.64,17.53
2025,5,23.56,19.91,21.23,21.76,24.46
2025,6,26,25.28,27.75,25.37,25.14
2025,7,28,27.08,26.7,27.61,28.43
2025,8,28.54,30.22,27.85,26.01,25.41
2025,9,25.71,24.12,27,24.35,19.78
2025,10,16.82,16.79,18.91,19.97,14.88
2025,11,8.55,10.71,7.14,11.99,10.32
2025,12,6.82,8.02,7.71,5.94,7.25
2026,1,1.85,2.07,8.55,4.93,4.12
2026,2,9.33,9.15,9.94,9.57,8.18
2026,3,11.91,12.31,16.47,15.27,13.05
2026,4,13.74,16.4,18.8,21.75,18.73
2026,5,24.97,20.65,24.38,20.52,23.05
2026,6,24.37,24.43,27.35,23.89,25.8
2026,7,24.14,29.45,29.83,24.9,27.12
2026,8,26.69,31.15,28.37,29.19,27.38
2026,9,23.69,24.79,25,22.64,22.1
2026,10,16.52,12.83,19.21,17.97,15.97
2026,11,6.02,8.74,8.28,13.18,10.1
2026,12,5.47,5.05,5.68,9.96,9.37
2027,1,1.84,-1.66,9.59,9.57,6.07
2027,2,5.32,10.42,9.34,12.23,5.17
2027,3,12.76,12.09,13.86,14.94,10.81
2027,4,14.5,14.4,18.67,22.87,17.6
2027,5,23.55,21.04,22.72,22.27,19.36
2027,6,23.92,23,29.03,27.24,24
2027,7,23.53,25.16,26.36,29.58,27.32
2027,8,26.86,26,26.95,29.31,27.77
2027,9,25.7,21.24,25.55,24.53,23.72
2027,10,17.65,19.34,18.43,16.45,17.83
2027,11,9.41,9.48,10.49,10.2,10.94
2027,12,8.07,5.7,14.66,8.79,6.34
2028,1,6.69,-2.1,4.37,6.24,4.92
2028,2,14.37,6.23,10.15,12.5,6.25
2028,3,13.35,10.85,16.34,15.14,11.77
2028,4,19.03,16.76,18.99,22.51,17.83
2028,5,22.18,18.9,19.26,21.08,24.61
2028,6,21.66,23.82,26.9,25.98,26.55
2028,7,28.75,30.26,26.76,29.04,27.42
2028,8,27.69,23.21,24.45,28.21,25.87
2028,9,27.21,22.7,24.28,26.83,22.92
2028,10,17.08,18.45,16.33,18.64,18.53
2028,11,5.26,9.96,12.84,11.23,12.63
2028,12,6.43,11.12,9.31,11.62,8.45
2029,1,7.5,10.45,7,8.81,2.36
2029,2,3.47,5.76,6.46,11.99,5.76
2029,3,15.31,14.65,13.62,17.2,13.38
2029,4,19.31,19.37,17.22,26.66,19.85
2029,5,23.97,22.95,22.67,23.92,22.01
2029,6,25.92,28.41,27.58,27.16,25.38
2029,7,26.26,29.01,30.75,28.24,30.47
2029,8,24.4,28.3,29.03,28.1,28.39
2029,9,26.83,20.56,21.97,23.25,24.23
2029,10,15.49,17.79,14.74,16.5,19.01
2029,11,10.12,11.12,9.79,13.98,13.43
2029,12,9.05,8.52,11.07,9.84,10.67
2030,1,6.36,4.14,10.24,8.93,8.84
2030,2,2.84,6.44,9.3,12.47,7.8
2030,3,8.36,12.38,12.71,12.63,10.41
2030,4,13.74,16.06,16.66,18.26,20.85
2030,5,20.26,20.19,20.76,23.61,23.05
2030,6,24.83,23.53,27.81,29.38,26.96
2030,7,26.32,26.47,33.71,30.29,30.33
2030,8,29.19,25.04,28.19,28.34,28.03
2030,9,23.24,23.37,23.66,24.34,26.46
2030,10,16.85,18.77,17.55,19.95,17.5
2030,11,11.36,11.28,13.37,15.84,8.49
2030,12,10.89,10.57,8.64,9.79,9.26
2031,1,4.83,12.18,5.19,9.07,8.53
2031,2,7.26,3.74,5.43,14.51,6.99
2031,3,9.71,13.01,16.06,20.02,14.83
2031,4,10.35,15.99,19.99,23.12,19.03
2031,5,20.62,19.7,21.18,26.28,19.89
2031,6,27.67,27.53,25.43,27.41,23.64
2031,7,31.74,27.06,28.61,30.02,27.51
2031,8,24.61,32.19,27.47,29.53,28.12
2031,9,23.21,23,27.44,25.4,23.54
2031,10,17.41,14.44,15.94,20.19,17.22
2031,11,5.67,12.18,15.08,13.05,7.14
2031,12,6.86,9.04,11.05,10.65,7.64
2032,1,6.7,7.52,4.77,6.73,5.59
2032,2,12.53,6.1,12.34,15.61,5.21
2032,3,13.87,6.59,17.96,17.97,10.13
2032,4,17.78,16.38,19.73,24.85,18.94
2032,5,19.68,19.35,25.87,23.78,22.6
2032,6,27.04,23.66,25.56,26.6,24.79
2032,7,31.63,27,27.18,29.37,29.8
2032,8,26.72,30.56,27.02,28.75,27.86
2032,9,26.4,26.36,27.44,24.82,22.09
2032,10,17.9,19.48,18.84,19.75,19.49
2032,11,12.73,12.1,11.06,11.04,11.39
2032,12,9.46,6,7.58,8.57,9.12
2033,1,3.61,10.78,6.47,8.45,2.62
2033,2,13.59,7.5,4.82,8.66,5.4
2033,3,10.98,15.33,9.3,15.38,11.95
2033,4,17.22,15.54,18.4,20.23,15.69
2033,5,22.45,20.06,23.86,21.18,21.31
2033,6,23.53,27.07,27.63,27.03,26.45
2033,7,29.42,28.97,29.16,26.8,26.18
2033,8,26.36,29.14,27.71,27.85,28.22
2033,9,22.91,23.11,22.25,24.37,22.77
2033,10,16.88,17.33,16.41,18.19,16.64
2033,11,12.13,12.71,13.47,13.75,11.52
2033,12,7.02,6.31,10.13,8.52,9.39
2034,1,4.04,10.58,6.34,10.81,3.13
2034,2,6.68,6.97,9.3,11.88,11.32
2034,3,16.36,14.46,15.46,20.51,11.46
2034,4,15.34,16.07,18.69,23.69,17.85
2034,5,19.34,18.88,24.25,21.69,21.67
2034,6,25.93,27.44,26.28,27.02,28.7
2034,7,27.68,27.04,31.33,29.97,27.5
2034,8,27.44,28.85,31.72,29.43,27.12
2034,9,25.43,23.67,28.52,26.6,21.22
2034,10,19.32,17.32,18.51,20.5,17.44
2034,11,11.53,11.52,11.89,14.48,13.55
2034,12,3.82,8.34,9.19,5.93,9.35
2035,1,5.66,5.01,1.45,3.06,7.63
2035,2,10.93,6,9.1,13.29,11
2035,3,13.5,12.41,12.19,14.98,12.41
2035,4,11.73,19.28,15.86,21.95,19.71
2035,5,19.31,20.21,21.24,21.83,22.22
2035,6,24.11,26.38,26.56,27.45,24.22
2035,7,28.99,23.56,25.93,27.96,27.22
2035,8,26.41,25.25,28.33,29.57,28.05
2035,9,28.48,22.8,25.28,23.3,22.05
2035,10,16.5,17.53,17.07,17.68,17.11
2035,11,12.71,12.4,11.11,10.66,11.8
2035,12,10.16,12.07,8.13,10.18,7.03
2036,1,3.83,12.32,7.9,10.06,10.42
2036,2,11.76,13.2,11.56,10.27,4.95
2036,3,15.43,11.5,10.51,17.86,10.51
2036,4,12.71,15.58,11.05,25.98,16.34
2036,5,19.27,20.2,23.38,21.53,20.89
2036,6,27.58,24.29,27.49,26.38,26.53
2036,7,28.15,27.79,28.93,28.54,29.06
2036,8,28.73,30.78,27.75,28.24,28.48
2036,9,21.63,21.79,23.16,28.08,22.37
2036,10,18.06,19.03,16.12,17.82,17.35
2036,11,13.07,10.6,7.88,11.2,11.11
2036,12,3.7,8.95,10.05,10.47,10.7
2037,1,5.68,2.45,5.38,7.54,9.33
2037,2,6.82,7.9,9.03,11.45,6.28
2037,3,13.08,12.28,13.62,14.35,13.79
2037,4,20.8,15.21,21.15,25.22,16.49
2037,5,17.6,18.88,23.64,19.99,19.91
2037,6,28.97,25.6,25.18,29.11,23.84
2037,7,28.45,27.53,26.3,28.55,26.86
2037,8,31.74,29.97,30.82,27.71,25.18
2037,9,24.5,22.31,23.84,23.91,20.81
2037,10,17.06,17.88,18.36,19.24,19.94
2037,11,12.75,12.74,12.46,14.32,8.24
2037,12,8.7,6.67,8.65,12.64,8.28
2038,1,9.51,7.13,6.24,11.24,7.07
2038,2,15.94,5.62,2.76,11.43,8.89
2038,3,20.5,10.33,14.97,15.45,16.18
2038,4,19.56,18.41,18.06,17.38,17.97
2038,5,25.98,22.99,21.84,22.01,23.04
2038,6,28.07,24.44,27.18,26.83,24.17
2038,7,27.86,27.74,29.79,30.8,29.21
2038,8,26.5,32.52,28.8,29.34,30.13
2038,9,26.17,24.99,23.31,28.4,26.98
2038,10,20.06,16.83,16.14,19.03,18.42
2038,11,12.43,12.56,12.45,13.37,11.55
2038,12,11.39,12.95,8.37,9.52,7.51
2039,1,10.78,4.22,6.44,10.18,7.41
2039,2,9.51,12.29,7.37,13.44,8.88
2039,3,16.62,14.17,12.14,18.72,12.14
2039,4,16.39,17.66,20.56,27.33,16.67
2039,5,25.11,21.71,22.69,25.85,22.48
2039,6,26.48,25.08,26.25,29.07,25.74
2039,7,27.59,28.23,26.82,28.87,26.9
2039,8,28.31,28.99,28.44,27.91,28.01
2039,9,22.33,23.05,26.29,26.6,25.21
2039,10,15.68,17.99,18.88,18.67,15.43
2039,11,14.07,13.04,12.33,11.99,13.46
2039,12,9.8,9.61,10.49,8.95,12.11
2040,1,11.7,7.19,6.35,7.83,7.31
2040,2,13.54,6.66,8.41,11.5,7.75
2040,3,18.15,11.68,18.77,18.47,8.85
2040,4,19.97,15.72,19.19,24.25,17.44
2040,5,20.21,21.32,21.91,22.91,25.92
2040,6,27.91,24.42,26.81,25.47,29.12
2040,7,27.02,29.01,31.71,29.36,29.46
2040,8,28.41,28.88,30.85,27.93,29.56
2040,9,23.72,23.64,26.68,24.08,27.67
2040,10,18.28,17.41,17.49,19.98,18.29
2040,11,10.44,10.25,14.25,11.72,10.14
2040,12,3.04,11.39,10.63,7.94,8.78
2041,1,1.59,6.73,8.05,7.25,6.8
2041,2,7.88,9.77,9.59,12.8,7.64
2041,3,13.54,12.65,8.16,17.94,8.36
2041,4,15.67,15.07,17.11,22.15,17.36
2041,5,22.17,21.21,21.16,22.83,23.29
2041,6,26.38,25.34,26.65,30.14,23.19
2041,7,28.3,31.85,27.52,30.55,28.64
2041,8,23.83,26.89,31.66,26.76,28.22
2041,9,26.12,23.25,25.8,25.71,24.02
2041,10,17.24,20.3,20.44,19.85,19.08
2041,11,10.06,11.05,13.25,13.7,10.79
2041,12,8.11,10.53,10.72,8.53,9.64
2042,1,2.7,9.82,8.6,10.05,10.04
2042,2,10.45,8.57,10.43,11.69,6.97
2042,3,8.85,13.5,10.64,16.71,5.48
2042,4,13.85,16.65,14.03,21.4,17.25
2042,5,24.9,23.06,20.33,25.04,20.52
2042,6,27.54,27.69,29.72,28.41,23.02
2042,7,30.44,30.64,27.64,29.33,28.3
2042,8,26.81,29.26,28.02,27.86,28.04
2042,9,24.04,20.43,28.26,25.59,27.61
2042,10,18.57,17.44,20.74,19.13,16.94
2042,11,10.37,12.91,12.11,13.27,14.17
2042,12,6.04,10.22,9.48,12.81,11.58
2043,1,3.96,8.21,5.64,8.06,11.1
2043,2,10.97,11.8,9.41,12.59,8.09
2043,3,11.85,9.34,15.19,18.94,12.56
2043,4,18.78,16.22,19.27,24.91,18.11
2043,5,20.16,21.1,24.12,24.87,19.96
2043,6,32.01,27.36,27.29,26.53,27.32
2043,7,25.95,29.07,27.92,29.24,30.54
2043,8,27.82,28.5,27.08,29.36,29.27
2043,9,24.21,24.31,24.48,24.74,23.68
2043,10,20.8,18.46,16.88,18.36,13.4
2043,11,14.61,11.8,13.4,15.22,11.48
2043,12,11.57,9.47,10.03,11.37,8.14
2044,1,12.67,5.3,7.9,12.29,8.78
2044,2,11.91,7.99,8.39,12.47,8.65
2044,3,24.34,12.39,17.31,20.1,14.38
2044,4,19.86,19.71,17.32,22.33,20.63
2044,5,19.83,19.75,23.52,23.7,20.02
2044,6,26.37,25.39,27.17,27.67,23.24
2044,7,28.59,25.42,27.89,29.89,29.61
2044,8,28.17,26.31,30.51,26.95,30.22
2044,9,25.38,23.13,26.59,24.59,24.22
2044,10,14.28,15.53,19.18,18.83,17.42
2044,11,9.86,10.62,10.83,12.38,14.18
2044,12,5.73,12.31,6.6,11.68,5.48
2045,1,4.26,6.37,5.27,8.55,5.61
2045,2,15.65,6.49,5.21,17.54,12.41
2045,3,9.77,14.46,12.66,21.47,15.02
2045,4,15.75,19.74,13.15,26.62,19.32
2045,5,20.58,21.18,18.54,21.77,21.21
2045,6,28.43,24.81,28.37,27.91,26.22
2045,7,29.62,29.09,30.01,29.83,28.96
2045,8,27.74,29.66,27.4,27.16,28.71
2045,9,24.46,26.4,25.76,25.73,26.58
2045,10,22.37,16.58,17.81,18.95,20.15
2045,11,10.92,12.06,12.57,12.32,10.76
2045,12,10.84,10.02,9.2,12.01,9.3
2046,1,4.56,5.62,5.05,5.32,3.62
2046,2,8.59,8.27,11.75,18.38,3.25
2046,3,17.37,13.72,14.23,20.18,8.77
2046,4,19.59,16.25,14.85,23.44,17.27
2046,5,21.63,20.7,22.69,21.56,24.89
2046,6,27.77,26.7,26.31,26.33,25.76
2046,7,30.49,29.67,29.37,28.92,28.05
2046,8,28.71,28.56,28.06,26.94,27.64
2046,9,25.37,23.89,26.84,24.75,22.06
2046,10,16.75,15.87,18.55,19.26,18.14
2046,11,9.65,14.37,12.37,11.42,13.75
2046,12,11.38,13.13,9.43,4.21,8.93
2047,1,5.18,6.92,6.68,6.2,10.52
2047,2,6.09,11.33,6,12.87,2.31
2047,3,8.37,11.34,11.55,17.01,11.16
2047,4,10.89,17.98,13.99,24.65,16.8
2047,5,17.7,23.13,18.27,23.81,21.31
2047,6,26.82,30.29,28.12,30.56,27.24
2047,7,30.82,29.66,28.35,28.61,27.91
2047,8,24.29,31.89,27.41,31.11,31.09
2047,9,26.93,25.14,24.74,25.83,25.36
2047,10,16.33,19.01,19.79,18.17,16.02
2047,11,11.17,11.09,11.49,12.65,11.47
2047,12,14.16,9.02,8.74,13.44,10.2
2048,1,6.52,10.18,5.82,11.78,12.21
2048,2,12.48,13.11,7.13,15.73,4.77
2048,3,12.7,12.21,13.45,21.95,12.18
2048,4,19.73,16.63,15.02,23.33,17.38
2048,5,24.76,20.97,23.05,25.1,21.47
2048,6,27.98,26.92,26.04,26.99,25.47
2048,7,29.37,29.77,28.75,30.17,28.31
2048,8,27.89,29.02,28.7,27.9,28.76
2048,9,27.68,25.5,25.36,25.36,26.28
2048,10,21.18,19.51,17.95,19.97,20.12
2048,11,9.18,13.96,11.31,15.18,12.35
2048,12,9.67,12.34,12.42,12.53,7.41
2049,1,5.89,7.12,9.6,7.66,5.65
2049,2,5.81,7.6,11.12,14.38,9.17
2049,3,16.95,12.83,16.62,15.43,14.01
2049,4,13.78,15.31,17.22,19.95,17.66
2049,5,25.2,24.06,22,21.23,21.73
2049,6,28.14,28.83,29.49,26.21,28.29
2049,7,30.52,27.66,30.44,30.39,28.94
2049,8,30.27,31.73,31.38,28.37,28.52
2049,9,24.01,25.81,24.32,25.19,28.12
2049,10,19.64,19.06,15.79,20.41,16.98
2049,11,13.15,13.42,14.14,13.29,10.05
2049,12,10.07,11.39,10.9,12.2,7.14
2050,1,10.69,5.4,2.67,9.86,8.9
2050,2,14.02,11.13,8.66,14.98,3.99
2050,3,14.5,14.04,10.87,18.3,11.52
2050,4,15.41,16.89,14.02,24.97,16.04
2050,5,23.09,23.81,21.93,22.07,22.6
2050,6,28,32.1,26.75,26.69,26.88
2050,7,30.23,30.93,29.88,29.02,29.43
2050,8,28.21,26.9,31.53,28.7,27.69
2050,9,24.26,25.18,30.5,26.44,22.05
2050,10,14.32,21.7,20.13,18.92,17.1
2050,11,14.7,13.31,9.94,12.89,9.53
2050,12,12.8,11.37,10.83,12,7.08
2051,1,7.01,9.92,6,13.04,6.49
2051,2,5.57,6.92,11.08,20.86,8.85
2051,3,11.6,11.34,19.15,27.21,11.28
2051,4,14.92,17.91,22.63,30.55,17.9
2051,5,30.91,21.74,24.5,24.36,19.2
2051,6,29.94,26.66,28.04,28.27,23.54
2051,7,28.62,29.93,32.39,30.65,27.93
2051,8,29.1,29.6,31.5,30.24,24.88
2051,9,23.78,23.25,26.84,24.86,22.63
2051,10,17.99,18.39,19.63,20.63,15.16
2051,11,10.05,9.44,13.56,14.25,9.93
2051,12,12.96,12.32,13.27,13.23,10.12
2052,1,10.2,3.97,6.76,13.37,8.21
2052,2,11.16,10.22,8.34,18.33,1.49
2052,3,11.6,10.3,16.53,23.93,12.11
2052,4,19.5,17.49,18.98,24.51,16.49
2052,5,23.7,20.2,20.64,23.3,21.86
2052,6,30.22,26.76,27.19,27.92,27.88
2052,7,31.79,29.28,31.31,30.17,31.41
2052,8,28.13,29.08,30.27,30.91,27.37
2052,9,25.69,26.12,25.49,25.19,23.86
2052,10,19.23,18.32,23.3,20.17,18.87
2052,11,11.67,11.09,13.48,15.79,12.34
2052,12,8.21,8.41,10.04,13.58,7.96
2053,1,10.56,10.24,7.66,11.51,8.88
2053,2,14.89,12.32,10.06,16.76,7.03
2053,3,20.62,13.27,14.49,17.91,13.64
2053,4,18.32,16.36,21.39,25.68,18.06
2053,5,26.18,25.08,24.63,22.88,19.8
2053,6,31.67,30.05,28.41,27.28,27.05
2053,7,29.32,29.41,31.04,28.73,28.65
2053,8,30.5,27.71,32.42,29.83,25.29
2053,9,30.39,25.32,27.24,26.48,23.14
2053,10,16.15,20.55,19.67,19.75,18.31
2053,11,9.44,10.97,14.07,15.51,12
2053,12,11.34,11.03,11.98,12.29,9.17
2054,1,10.84,9.85,8.62,12.79,2.85
2054,2,17.24,12.22,14.89,12.75,6.78
2054,3,12,13.37,20.32,20.01,9.95
2054,4,21.92,17.56,23.08,24.4,18.19
2054,5,24.18,22.05,26.67,26.2,21.98
2054,6,30,27.96,28.51,27.59,25.04
2054,7,29.95,32.13,32.97,30.83,30.47
2054,8,28.49,31.45,33.32,27.73,29.73
2054,9,25.7,22.45,26.3,28.13,22.48
2054,10,18.39,20.11,19.48,19.78,16.52
2054,11,15,11.78,16.45,14.76,12.43
2054,12,9.24,6.77,12.05,11.16,11.77
2055,1,5.39,7.2,10.62,13.96,6.4
2055,2,13.46,9.44,10.06,17.51,9.81
2055,3,16.03,15.72,15.12,20.96,12.16
2055,4,18.16,15.01,20.87,26.44,19.68
2055,5,25.33,20.59,24.09,26.03,23.61
2055,6,28.24,25.58,30.65,29.8,24.09
2055,7,29.08,28.99,32.77,31.11,31.9
2055,8,29.71,31.58,31.96,31.09,29.07
2055,9,25.59,24.24,29.35,26.07,22.68
2055,10,19.63,18.57,20.4,17.93,19.39
2055,11,15.83,10.04,12.77,15.89,12.75
2055,12,9.73,15.74,10.25,12.1,14.08
2056,1,6.5,8.35,8.11,13.57,11.16
2056,2,11.4,11.04,9.44,15.89,5.98
2056,3,15.72,13.33,14.38,22.81,13.31
2056,4,20.2,18.89,17.55,22.98,20.02
2056,5,20.95,23.04,24.91,21.87,24.24
2056,6,27.36,26.85,29.85,27.3,25.1
2056,7,26.62,29.03,31.22,29.85,29.14
2056,8,30.51,29.24,32,28.69,30.9
2056,9,27.32,22.85,28.79,25.57,24.82
2056,10,16.65,17.23,20.55,19.27,21.97
2056,11,7.23,12.17,14.6,15.86,8.56
2056,12,5.34,13.53,9,10.89,9.17
2057,1,5.13,12.74,9.78,14.01,11.45
2057,2,6.83,9.7,13.75,19.68,5.64
2057,3,13.24,15.24,19.53,24.49,16.37
2057,4,17.38,16.24,19.41,24.64,19.53
2057,5,25.17,25.32,24.26,23.09,20.83
2057,6,29.84,25.94,29.94,26.09,24.82
2057,7,31.59,30.75,30.21,31.37,28.3
2057,8,28.47,30.48,29.93,31.03,30.36
2057,9,26.88,26.76,28.34,25.92,26.12
2057,10,19.2,15.57,18.45,20.9,21.46
2057,11,10.8,14.47,14.74,12.06,10.3
2057,12,10.74,14.77,10.79,9.41,7.83
2058,1,10.69,9.4,9.95,12.26,7.81
2058,2,10.8,12.17,18.75,11.16,11.09
2058,3,13.41,14.24,21.47,16.45,11.44
2058,4,24.49,16.74,21.21,23.96,18.82
2058,5,24.32,22.91,25.37,23.53,21.56
2058,6,28.69,29.32,29.29,27.94,27.73
2058,7,29.63,30.92,31.94,28.38,28.72
2058,8,30.04,30.58,34.1,29.38,29.73
2058,9,25.38,26.17,27.94,27.32,28.17
2058,10,21.2,17.88,20.07,20.12,20.05
2058,11,10.23,13.22,11.93,15.43,10.9
2058,12,11.29,10.5,11.19,14.25,7.36
2059,1,3.3,7.63,5.66,12.25,6.41
2059,2,14.85,10.22,8.89,20.7,8.57
2059,3,13.94,10.88,13.67,23.72,14.75
2059,4,18.23,16.2,20.36,27.02,17.98
2059,5,22.37,21.38,26.08,22.16,23.82
2059,6,26.45,26.3,28.74,29.23,27.79
2059,7,29,29.55,32.51,30.11,28.57
2059,8,32.59,31.3,31.33,31.18,30.55
2059,9,26.19,30.52,31.18,25.57,25.65
2059,10,19.52,18.55,23.45,19.47,20.33
2059,11,10.26,13.79,13.16,14.65,11.64
2059,12,9.91,11.52,10.72,13.93,12.68
2060,1,10.65,12.12,6.37,13.41,11.05
2060,2,7.96,7.38,6.5,15.32,11.27
2060,3,14.01,11.62,15.61,22.54,10.92
2060,4,12.34,15.5,21.13,29.29,18.98
2060,5,24.24,23.15,26.14,23.94,22.59
2060,6,29.72,24.92,26.88,30.49,29.25
2060,7,33.76,27.03,32.35,29.75,29.45
2060,8,30,29.23,32.99,31.68,27.29
2060,9,31.05,23.35,26,28.71,27.21
2060,10,21.06,19.04,19.69,22.12,20.19
2060,11,12.41,14.99,15.17,17.14,12.65
2060,12,8.58,12.36,9.6,13.66,10.46
2061,1,8.31,11.33,6.83,11.11,9.85
2061,2,10.19,9.16,10.72,16.7,7.5
2061,3,11.84,10.45,13.95,19.34,14.31
2061,4,20.27,18.73,21.04,25.89,18.51
2061,5,25.11,21.1,23.42,27.24,22.28
2061,6,30.41,29.2,29.06,28.88,26.09
2061,7,31.85,32.9,31.74,30.69,30.21
2061,8,28.67,28.9,30.2,30,29.93
2061,9,28.02,25.7,27.63,28.76,25.03
2061,10,16.16,20.13,17.94,21.13,20.38
2061,11,9.49,17.05,13.11,15.48,13.66
2061,12,10.58,11.78,9.48,13.28,8.59
2062,1,6.09,14.56,5.78,11.92,11.9
2062,2,13.38,12.69,13.01,13.55,8.02
2062,3,14.72,11.5,16.98,20.2,9.88
2062,4,15.42,19.52,21.53,27.88,19.57
2062,5,24.58,26.8,23.49,23.61,24.73
2062,6,30.92,27.88,28.12,30.76,24.85
2062,7,31.31,29.56,32.66,31.1,26.15
2062,8,28.82,29.1,30.28,31.09,29.97
2062,9,24.82,23.54,26.79,25.97,25.84
2062,10,21.16,21.31,20.14,21.08,18.29
2062,11,11.77,15.57,9.75,14.52,11.78
2062,12,8.85,9.81,6.23,12.62,11.39
2063,1,9.43,11.7,9.67,16.17,8.03
2063,2,12.57,13.42,14.56,19.8,10.52
2063,3,12.49,12.91,17.18,21.11,11.23
2063,4,19.13,17.76,24.41,26.32,18.51
2063,5,22.29,22.27,23.38,21.25,22.07
2063,6,29.16,25.47,31.38,28.94,26.2
2063,7,31.56,34.59,33.03,32.45,32.02
2063,8,33.71,31.99,30.94,29.56,28.24
2063,9,22.77,27.45,27.49,27.44,23.92
2063,10,19.27,25.02,21.74,22.6,21.74
2063,11,12.31,15.81,15.12,14.26,14.43
2063,12,13.07,10.7,14.72,12.45,11.22
2064,1,8.49,9.67,11.69,8.47,10.77
2064,2,11.11,17.66,14.09,15.38,10.68
2064,3,17.06,17.16,18.05,18.47,13.39
2064,4,17.85,16.46,19.66,23.41,17.16
2064,5,24.07,25.12,25.12,23.09,25.31
2064,6,31.29,29.13,29.25,28.16,27.02
2064,7,30.51,33.05,35.25,32.11,33.29
2064,8,33.21,29.45,32.38,30.13,30.5
2064,9,29.6,25.13,28.39,27.96,27.42
2064,10,19.78,20.87,22.67,20.51,21.06
2064,11,8.37,13.78,11.64,17.05,13.85
2064,12,13.13,14.51,13.65,10.84,9.33
2065,1,7.2,7.44,11.91,11.47,7.67
2065,2,14.54,9.99,9.72,14.98,8.21
2065,3,14.09,13.97,16.54,22.6,15.92
2065,4,20.68,17.11,23.94,23.1,17.52
2065,5,24.87,22.16,25.07,25.14,24.92
2065,6,30.78,29.48,29.42,30.19,29.87
2065,7,31.14,34.11,31.88,30.87,31.78
2065,8,31.52,30.15,31.53,29.97,31.71
2065,9,25.05,28.64,28.17,26.24,25.11
2065,10,20.2,20.69,22.76,20.86,18.98
2065,11,14.6,13.73,13.27,14.41,15.02
2065,12,11.51,9.32,11.95,11.76,11.72
2066,1,8.69,9.87,15.13,12.53,7.07
2066,2,12.3,11.63,14.11,16.97,8.02
2066,3,23.13,16.21,17.48,24.58,11.8
2066,4,21.2,20.02,21.38,27.57,17.8
2066,5,28.61,23.04,27.75,24.61,22.38
2066,6,33.38,28.75,29.97,30.73,28.42
2066,7,33.54,27.96,29.89,32.52,28.84
2066,8,29.77,28.01,32.19,32.11,25.89
2066,9,28.53,24.34,28.01,26.45,25.51
2066,10,17.14,20.07,23.34,19.6,17.23
2066,11,11.2,12.91,12.95,16.04,9.2
2066,12,11.37,8.83,10.62,14.15,11.55
2067,1,5.54,12.25,9.37,14.16,11.7
2067,2,4.1,13.12,12.98,17.97,6.94
2067,3,13.79,12.57,23.32,22.62,13.56
2067,4,16.28,16.78,21.65,26.28,18.36
2067,5,22.85,22.73,25.27,26.01,20
2067,6,32.75,31.61,29.4,28.89,26.34
2067,7,31.62,30.7,32.07,29.74,30.47
2067,8,30.93,33.25,30.82,33.85,29.83
2067,9,26.1,27.21,30.19,27.69,24.72
2067,10,22.11,22.31,20.63,21.61,20.18
2067,11,11.14,11.21,14.22,12.37,15.45
2067,12,10.44,15.81,11.87,13.21,12.13
2068,1,10,15.19,12.1,12.66,6.57
2068,2,17.62,9.98,11.5,14.25,7.57
2068,3,14.16,14.31,11.14,23.85,11.83
2068,4,19.56,18.77,19.82,25.08,22.62
2068,5,21.91,22.53,26.15,20.92,24.88
2068,6,30.49,33.28,31.53,28.34,23.86
2068,7,31.38,33.2,34.11,30.25,31.01
2068,8,30.91,33.4,31.62,28.95,29.51
2068,9,25.06,24.2,27.02,26,23.77
2068,10,17.79,20.37,20.16,21.69,20.87
2068,11,12.47,11.63,15.51,15.12,12.54
2068,12,12.22,13.07,11.87,11.91,10.88
2069,1,13.8,12.14,7.83,12.02,14.29
2069,2,18.34,10.56,8.48,14,10.9
2069,3,17.3,15.97,17.04,23.46,12.98
2069,4,20.83,18.16,23.6,28.37,20.24
2069,5,24.22,21.2,24.78,23.37,24.14
2069,6,26.18,28.3,28.33,27.8,23.06
2069,7,29.1,30.21,32,27.8,31.96
2069,8,29.34,28.77,31.86,30.37,31.56
2069,9,28.46,25.51,28.9,26.79,26.74
2069,10,21.35,21.26,21,20.84,20.95
2069,11,12.49,11.61,14.88,14.55,15.11
2069,12,10.1,12.51,14.13,13.01,13.13
2070,1,7.88,11.91,8.58,11.06,11.42
2070,2,13.82,11.56,19.35,16.64,9.66
2070,3,16.8,13.18,19.19,19.58,14.43
2070,4,16.99,20.07,24.02,25.98,18.98
2070,5,22.38,21.26,23.49,26.48,23.03
2070,6,28.45,26.59,28.63,29.7,27.41
2070,7,29.21,29.76,32.11,32.18,30.41
2070,8,29.26,34.56,35.31,30.63,29.37
2070,9,25.68,25.27,30.56,25.88,23.05
2070,10,20.13,20.32,21.17,19.32,23.48
2070,11,13.08,11.96,13.67,16.45,9.75
2070,12,11.88,13.95,12.48,13.49,8.93
2071,1,15.75,12.87,11.45,14.77,3.47
2071,2,14.64,10.12,18.35,20.49,11.57
2071,3,16.5,13.83,20.44,19.48,15.06
2071,4,19.17,20.19,22.32,25.6,21.31
2071,5,23.51,22.17,27.2,23.82,20.87
2071,6,30.16,26.99,33.12,28.2,25.9
2071,7,34.55,28.52,32.17,32.66,31.85
2071,8,28.26,31.06,36.17,30.44,31.34
2071,9,31.48,27.24,31.53,25.7,26.04
2071,10,20.51,20.79,23.11,22.87,19
2071,11,12.7,16.4,11.6,15.97,11.96
2071,12,12.06,14.49,11.19,14.77,13.38
2072,1,10.23,15.31,10.16,14.75,9.38
2072,2,14.15,12.99,12.96,17.07,4.05
2072,3,18.15,16.72,15.34,24.54,12.58
2072,4,21.16,19.11,22.71,24.96,22.06
2072,5,24.35,23.36,23.57,24.62,24.05
2072,6,27.9,26.33,30.43,28.67,27.68
2072,7,33.34,30.09,32.58,31.78,33.88
2072,8,31.04,31.77,34.25,29.58,31.75
2072,9,27.94,25.64,32.51,28.42,29.98
2072,10,20.5,20.73,21.45,22.55,19.02
2072,11,13.62,14.42,15.39,15.43,14.75
2072,12,11.11,14.01,12.95,12.66,11.44
2073,1,11.43,12.87,9.11,16.38,13.14
2073,2,12.37,14.25,16.33,16.41,9.99
2073,3,18.53,14,17.33,26.8,11.08
2073,4,20.84,18.86,24.11,26.51,19.45
2073,5,28.34,25.6,25.6,23.6,24.53
2073,6,31.52,27.32,31.02,29.99,28.41
2073,7,30.99,33.89,35.21,31.12,35.34
2073,8,29,36.04,32.98,33.15,34.08
2073,9,29.29,26.05,31.58,28.92,27.55
2073,10,19.36,21.75,19.9,21.56,22.04
2073,11,14.07,14.38,14.37,15.53,13.3
2073,12,11.68,11.89,12.48,15.08,14.34
2074,1,5.2,11.9,12.96,11.12,7.46
2074,2,20.97,9.52,17.43,17.69,7.58
2074,3,21.35,15.73,21.3,26.7,12.23
2074,4,24.66,19.24,23.48,26.62,16.45
2074,5,24.99,22.54,26.26,21.49,22.72
2074,6,29.95,34.12,31.72,29.6,25.87
2074,7,30.59,31.98,33.4,32.88,30.13
2074,8,30.52,27.28,33.5,32.59,27.88
2074,9,27.81,23.21,28.26,29.57,25.52
2074,10,18.95,21.81,23.56,21.04,19.02
2074,11,11.2,12.8,13.94,16,12.04
2074,12,9.41,13.75,10.92,15.28,8.18
2075,1,11.5,10.82,11.1,15.13,7.34
2075,2,14.62,12.97,16.51,17.64,7.76
2075,3,16.12,14.42,21.27,23.18,10.91
2075,4,22.26,17.92,22.1,27,17.99
2075,5,24.46,25.57,24.19,27.33,24.5
2075,6,31.79,32.2,30.81,31.35,28.13
2075,7,31.98,35.91,33.37,34.26,30.51
2075,8,30.72,34.03,31.31,32.1,31.2
2075,9,26.5,27.66,36.22,28.74,30.26
2075,10,24.08,20.35,22.87,20.41,20.88
2075,11,13.45,14.9,12.25,15.8,10.85
2075,12,11.72,13.49,12.27,13.7,11.18
2076,1,9.84,13.13,12.09,11.58,12.8
2076,2,15.98,9.66,14.01,15.96,7.42
2076,3,14.81,16.75,19.7,20.99,14.77
2076,4,21.27,17.69,22.78,28,20.06
2076,5,27.46,22.86,23.44,27.18,24.7
2076,6,31.37,28.98,30.95,31.87,27.05
2076,7,31.28,29.96,31.8,31.59,33.02
2076,8,33.11,28.48,33.71,33.03,29.88
2076,9,26.12,25.5,32.5,29.49,25.18
2076,10,22.6,23.11,21.13,20.44,16.92
2076,11,15.11,13.62,14.98,16.31,15.32
2076,12,11.29,14.39,14.97,12.12,10.08
2077,1,11.15,11.91,14.86,12.42,8.16
2077,2,16.66,14.39,14.53,17.8,11.01
2077,3,18.74,14.75,17.46,27.39,16.29
2077,4,21.75,19.74,21.4,28.84,16.56
2077,5,25.63,23.16,26.99,24.54,23.85
2077,6,29.24,31.83,29.65,31.12,28.04
2077,7,31.59,29.76,29.88,34.03,31.14
2077,8,31.39,30.07,31.56,32,30.4
2077,9,28.14,28.52,28.5,29.83,26.6
2077,10,21.99,20.52,22.13,22.41,20.31
2077,11,11.21,15.31,12.66,16.03,11.22
2077,12,13.29,13.74,15.21,12.46,12.27
2078,1,15.23,10.63,12.11,16.47,12.46
2078,2,17.48,12.6,11.56,19.94,8.95
2078,3,17.1,14.95,17.83,27.91,11.41
2078,4,19.02,18.87,24.64,26.1,18.41
2078,5,25.16,24.18,27.8,25.6,26.47
2078,6,32.91,30.16,31.36,30.01,29.87
2078,7,33.04,30.83,34.47,33.77,30.86
2078,8,30.57,33.71,34.62,31.85,28.8
2078,9,26.76,29.14,32.33,28.9,23.95
2078,10,23.79,20.25,24.29,22.83,18.41
2078,11,11.98,16.23,15.54,17.05,14.01
2078,12,14.03,16.12,10.72,13.99,12.31
2079,1,10.6,12.82,10.64,14.37,8.05
2079,2,15.84,12.36,13.51,22.03,11.45
2079,3,15.47,13.04,20.47,26.34,12.94
2079,4,20.09,19.74,20.41,25.04,20.33
2079,5,23.79,22.79,25.33,23.68,23.08
2079,6,27.28,27.73,30.3,31.21,25.48
2079,7,32.17,31.29,34.66,30.95,29.64
2079,8,32.09,29.96,31.7,31.89,31.58
2079,9,30.17,26,31.26,29.78,25.73
2079,10,19.26,21.55,21.6,21.71,20.44
2079,11,8.86,13.07,14.77,15.95,15.63
2079,12,9.83,14.41,14.23,14.09,14.05
2080,1,10.76,10.78,9.45,14.87,13.36
2080,2,15.22,8.74,10.61,20.68,10.98
2080,3,13.58,14.94,17.02,23.17,14.24
2080,4,17.62,18.03,24.94,27.13,19.18
2080,5,29.45,21.81,27.94,24.9,25.63
2080,6,30.51,30.94,32.54,29.87,29.36
2080,7,32.52,31.41,35.26,31.62,34.51
2080,8,30.39,34.91,36.44,32.25,30.68
2080,9,30.84,26.81,30.27,27.41,27.57
2080,10,18.52,18.81,19.24,21.66,19.51
2080,11,14.57,14.22,18.96,16.79,12.35
2080,12,12.14,15.27,13.85,13.96,9.87
2081,1,11.95,13.44,12.51,15.91,10.4
2081,2,16.08,12.17,15,17.09,16
2081,3,17.02,13.63,21.98,21.49,14.25
2081,4,19.23,19.16,21.1,26.36,22.31
2081,5,26.65,27.39,26.21,23.91,23.34
2081,6,28.11,26.26,31.01,29.73,28.23
2081,7,35.86,31.52,33.14,33.57,30.56
2081,8,31.58,30.34,33.07,32.01,29.49
2081,9,26.9,29.19,30.26,29.95,28.48
2081,10,21.77,19.82,21.61,21.81,20.09
2081,11,13.67,14.72,14.08,17.17,15.13
2081,12,9.6,14.4,13.03,16.7,10.29
2082,1,9.22,16.77,14.09,15.64,13.57
2082,2,15.93,13.26,11.72,21.81,13.06
2082,3,21.54,16.28,18.79,24.84,9.77
2082,4,19.28,17.3,23.75,27.85,23.17
2082,5,26.54,22.63,25.3,25.49,23.29
2082,6,31.18,30.73,32,31.48,27.64
2082,7,33.12,33.26,37.7,34.22,35.91
2082,8,30.26,29.93,35.55,33.51,33.75
2082,9,27.65,30.17,30.75,27.7,26.84
2082,10,20.25,19.28,21.77,23.56,19.82
2082,11,9.87,14.06,14.98,16.48,15.41
2082,12,10.3,13.93,12.44,16.57,13.15
2083,1,6.59,13.56,13.52,16.16,10.94
2083,2,13.7,13.88,16.46,17.82,8
2083,3,19.33,15.15,17.3,23.4,12.04
2083,4,23.43,19.55,23.26,30.04,21.49
2083,5,29.35,23.82,30.1,27.41,21.18
2083,6,30.77,24.85,32.12,30.7,27.81
2083,7,31.45,30.59,35.76,32.24,33.49
2083,8,31.84,31.08,35.35,32.21,33.64
2083,9,27.98,24.97,31.49,30.46,28.58
2083,10,23.64,20.14,21.4,23.61,20.54
2083,11,11.94,14.43,15.51,16.5,15.84
2083,12,14.44,14.41,10.71,13.46,10.89
2084,1,7.71,14.33,8.12,14.31,10.43
2084,2,16.07,14.22,10.04,17.92,10.85
2084,3,15.99,16.75,20.43,20.95,15.76
2084,4,21.28,20.21,27.97,26.27,19.16
2084,5,26.92,25.98,26.97,24.34,26.12
2084,6,28.56,29.32,32.52,29.93,28.34
2084,7,33.62,34.6,33.47,31,32.98
2084,8,31.42,31.59,36.17,33.57,30.84
2084,9,27.5,27.86,30.75,28.13,26.07
2084,10,22.24,20.42,22.41,23.47,19.2
2084,11,10.76,15.65,17.25,16.32,12.09
2084,12,8.84,12.58,15.4,13.33,12.52
2085,1,10.59,15.55,13.88,14.68,9.46
2085,2,16.17,12.89,12.46,22.11,10.3
2085,3,16.46,17.81,19.84,21.35,16
2085,4,21.54,20.54,27.15,26.59,17.47
2085,5,29.09,25.6,25.87,24.65,22.85
2085,6,34.46,31.16,33.46,31.48,28.06
2085,7,33,30.29,35.14,31.41,32.74
2085,8,33.19,32.29,36.91,30.93,32.54
2085,9,29.66,25.01,30.46,29.3,28.23
2085,10,23.58,20.7,25.47,21.42,20.84
2085,11,15.4,15.3,14.6,18.53,15.53
2085,12,7.68,14.83,16.69,14.21,13.98
2086,1,12.05,13.24,9.94,15.34,10.31
2086,2,12.73,14.38,11.56,20.9,6.99
2086,3,16.3,12.88,14.58,26.83,11.23
2086,4,21.19,19.24,23.29,25.31,19.05
2086,5,27.26,24.97,26.28,23.11,22.49
2086,6,31.19,28.59,32.76,33.39,29.19
2086,7,32.01,29.85,35.68,32.62,32.95
2086,8,33.78,26.67,34.95,33.63,29.72
2086,9,30.96,23.4,34.18,29.95,23.44
2086,10,23.51,20.04,24.48,22,21.94
2086,11,12.21,16.18,14.6,18.12,12.04
2086,12,12.25,16.41,14.23,13.84,13.14
2087,1,9.93,17.24,9.85,12.5,9.34
2087,2,9.91,18.07,14.87,23.57,8.57
2087,3,18.76,13.35,20.2,24.83,14.04
2087,4,28.79,19.17,23.17,28.41,21.53
2087,5,28.1,24.35,26.41,27.16,23.86
2087,6,33.27,31.1,30.91,31.71,31.41
2087,7,34.16,36.1,32.88,34.59,32.35
2087,8,30.04,33.2,32.17,34.33,32.04
2087,9,31.22,24.53,29.23,31.3,30.35
2087,10,22.62,23.04,23.51,22,20.05
2087,11,14.36,17.62,16.85,18,12.42
2087,12,11.77,17.51,14.08,14.03,13.68
2088,1,13.72,13.84,10.67,13.47,10.13
2088,2,20.45,14.68,13.28,19.92,11.2
2088,3,18.54,12.99,20.76,27.15,11.21
2088,4,19.09,15.92,22.46,29.64,18.64
2088,5,22.82,21.34,27.51,25.9,23.56
2088,6,28.46,27.79,33.08,31.63,28.89
2088,7,35.26,34.95,32.15,31.64,32.3
2088,8,33.13,33.35,34.36,33.81,32.27
2088,9,29.32,29.48,32.1,30.5,27.53
2088,10,23.68,24.45,21.18,22.91,20.1
2088,11,12.71,17.94,16.13,16.04,16.42
2088,12,13.11,15.95,12.37,15.82,14.2
2089,1,11.15,14.28,8.34,17.8,13.22
2089,2,14.21,13.82,17.88,19.5,15.93
2089,3,13.84,15.45,26.72,27.56,15.65
2089,4,21.63,17.76,24.77,27.35,21.95
2089,5,25.17,23.17,30.19,28.1,26.09
2089,6,33.16,29.45,31.58,35.19,30.34
2089,7,34.63,29.5,34.38,33.5,31.95
2089,8,31.67,34.99,35.18,33.13,32.51
2089,9,31.12,30.23,30.69,31.19,29.1
2089,10,20.47,21.7,23.34,23.99,22.03
2089,11,10.89,15.18,17.63,18.4,15.64
2089,12,9.51,16.89,14.21,17.2,14.47
2090,1,7.49,14.23,13.39,16.23,11.86
2090,2,9.38,14.08,19.62,21.71,9.42
2090,3,12.37,16.5,21.28,23.91,12.54
2090,4,22.46,22.8,24.38,26.34,17.77
2090,5,30.64,25.65,27.13,25.12,24.55
2090,6,33.33,31.83,31.57,33.23,25.83
2090,7,34.2,30.73,36.26,33.78,33.45
2090,8,36.45,33.25,35.66,32.63,33.08
2090,9,34.6,28.43,31.71,30,27.26
2090,10,21.08,23.06,20.39,21.8,20.21
2090,11,16.6,15.72,15.79,17.62,17.55
2090,12,12.38,15.82,14.71,14.42,13.19
2091,1,15.87,14.28,13.29,14.44,11.84
2091,2,18.59,15.16,13.59,25.14,11.54
2091,3,21.12,15.76,20.58,25.79,14.4
2091,4,22.48,19.89,25.98,28.67,19.38
2091,5,28.79,23.78,25.9,25.93,23.82
2091,6,33.11,31.52,33.76,30.61,28.73
2091,7,33.41,31.86,36.09,32.71,33.43
2091,8,30.68,33.51,34.82,32.83,32.9
2091,9,31.27,26.61,30.97,29.39,28.08
2091,10,22.64,22.61,27.59,23.86,23.69
2091,11,12.27,14.86,15.49,17.06,15.52
2091,12,11.61,12.73,14.4,15.64,15.27
2092,1,15.84,12.17,15.18,15.89,17.98
2092,2,14.47,12.73,15.71,21.55,12.68
2092,3,14.94,15.78,21.82,24.63,17.78
2092,4,22.92,18.14,24.21,28.59,17.22
2092,5,25.77,24.41,27.83,25.55,27.05
2092,6,32.16,26.33,32.57,28.49,30.56
2092,7,34.29,32.55,39.09,32.8,32.34
2092,8,30.87,33.96,35.6,32.5,33.57
2092,9,30.1,27.46,31.73,29.28,27.47
2092,10,22.57,21.09,23.56,26.4,21.26
2092,11,16.09,15.94,15.45,15.83,12.68
2092,12,12.26,13.42,13.78,16.68,10.98
2093,1,13.27,15.76,12.52,13.04,13.95
2093,2,14.8,17.58,17.28,18.82,10.65
2093,3,15.48,15.46,18.7,25.31,15.77
2093,4,21.58,21.69,25.27,25.95,19.48
2093,5,29.44,25.91,28.84,28.4,27.43
2093,6,33.87,28.99,35.17,31.49,29.94
2093,7,33.87,29.78,37.38,32.05,34
2093,8,31.65,29.74,36.38,33.39,31.66
2093,9,32.03,25.72,35.88,30.72,29.1
2093,10,23.42,22.86,25.61,23.74,22.09
2093,11,18.08,16.96,13.98,15.31,17.86
2093,12,9.77,18.06,12.81,13.01,12.99
2094,1,8.23,14.24,13.16,15.59,15.06
2094,2,10.86,15.86,12.01,20.7,14.84
2094,3,18.06,16.91,20.22,28.69,17.38
2094,4,23.01,21.65,24.5,25.09,20.96
2094,5,28.82,26.68,27.77,25.81,26.65
2094,6,32.65,31.73,32.92,32.72,28.64
2094,7,33.07,34.77,37.38,32.89,32.21
2094,8,32.12,36.85,36.99,32.64,31.63
2094,9,29.62,29.18,32.42,29.81,25.15
2094,10,21.95,21.19,25.16,23.75,20
2094,11,16.49,12.45,16.18,20.53,13.78
2094,12,16.23,16.49,15.54,15.73,11.93
2095,1,13.27,16.82,14.39,17.19,8.25
2095,2,18.85,17.55,15.8,20.13,8.16
2095,3,18.55,16.93,17.75,27.77,10.44
2095,4,24.8,20.88,22.57,28.59,21.13
2095,5,28.04,30.05,28.1,27.81,22.57
2095,6,32.64,29.93,30.15,32.03,28.61
2095,7,33.61,31.29,36.95,33.55,34.67
2095,8,34.79,34.28,37.57,32.85,32.23
2095,9,31.75,27.09,33.23,30.64,25.44
2095,10,24.37,21.54,23.87,24.14,20.99
2095,11,13.69,15.1,17.19,20.6,10.46
2095,12,16.1,11.89,15.84,15.92,11.69
2096,1,13.29,15.88,12.78,15.33,9.65
2096,2,19.79,14.17,17.36,19.39,14.42
2096,3,20.26,16.07,20.32,26.48,17.4
2096,4,22.24,18.73,24.81,29.43,19.77
2096,5,29.94,26.95,25.72,26.95,22.21
2096,6,36.44,32.74,34.03,31.57,28.65
2096,7,34.45,31.45,38.14,34.91,32
2096,8,32.82,36.03,36.55,35.06,32.13
2096,9,30.72,26.16,32.61,29.63,28.51
2096,10,22.85,20.08,23.12,23.39,20.27
2096,11,17.47,17.02,13.06,19.87,13.8
2096,12,14.18,16.11,14.84,15.48,13.1
2097,1,17.08,14.29,14.16,14.42,12.85
2097,2,17.49,17.69,13.76,19,12.12
2097,3,24.46,18.51,24.73,27.44,13.72
2097,4,24.48,23.02,24.47,26.79,22.26
2097,5,26.25,30.63,28.11,27.5,29.84
2097,6,29.53,31.38,34.34,33.39,30.36
2097,7,34.22,34.97,37.77,33.99,33.06
2097,8,35.81,37.46,38.37,32.19,34.2
2097,9,26.07,27.83,36.1,31.25,27.27
2097,10,19.48,22.99,25.29,23.53,18.81
2097,11,14.3,17.07,15.62,19.2,12.96
2097,12,13.21,16.83,12.85,16.6,11.52
2098,1,10.69,17.69,12.4,19.66,11.56
2098,2,15.56,17.18,20.16,22.85,8.3
2098,3,18.07,17.09,23.32,30.85,12.59
2098,4,20.37,22.44,27.71,29.35,17.57
2098,5,26.31,23.65,27.99,29.01,26.25
2098,6,32.76,31.3,33.75,33.76,26.76
2098,7,37.14,34.71,37.68,36.74,30.98
2098,8,34.32,31.49,36.47,34.69,35.07
2098,9,29.39,29.52,33.03,30.71,28.18
2098,10,23.3,20.01,24.3,23.8,20.77
2098,11,16.22,13.2,16.13,17.66,17.09
2098,12,11.53,13.81,14.92,13.9,16.26
2099,1,12.91,13.2,12.45,18.09,12.48
2099,2,14.57,14.42,12.93,24.12,10.37
2099,3,15.49,16.86,17.96,25.74,16.17
2099,4,23.19,20.87,24.19,27.68,18.23
2099,5,28.8,28.51,28.21,26.77,25.4
2099,6,31.53,27.7,31.91,32.49,29.72
2099,7,34.16,31.61,36.07,35.8,33.68
2099,8,36.88,34.08,34.75,35.34,33.74
2099,9,28.65,28.28,30.92,32.47,29.22
2099,10,23.89,20.95,22.07,23.96,25.45
2099,11,13.93,17.21,16.17,17.16,15.55
2099,12,13.86,15.44,15.44,15.54,14.97
2100,1,10.33,14.9,12.75,16.19,13.18
2100,2,18.38,17.02,15.71,19.3,12.18
2100,3,23.85,21.07,22.69,28.82,14.4
2100,4,21.28,19.73,21.65,26.32,17.86
2100,5,27.12,23.91,28.32,28.01,25.02
2100,6,33.92,29.71,34.05,30.42,28.36
2100,7,31.84,36.39,35.23,33.46,36.36
2100,8,33.8,36.35,38.96,31.82,34.3
2100,9,32.17,27.25,33.21,29.54,25.87
2100,10,24.68,20.24,23.54,23.29,23.81
2100,11,15.14,16.48,15.92,18.16,18.89
2100,12,11.69,15.37,14.21,15.77,12.77
